,size,tau,sigma_tau,eta,sigma_eta
0,32,12.99783331482937,0.14607453897228934,0.37634849177877805,0.010308167482583163
1,64,21.806339339335477,0.2602208055370435,0.315528451122088,0.007942785641305457
2,128,34.55144192843891,0.21313975561396784,0.2729563138414265,0.004346146865108396
3,512,128.58577626941698,0.3109331418891046,0.44039506312146826,0.0019333148536626649
4,1000,276.32133824307294,0.41324583157440176,0.36892191310543937,0.001157736749846526
5,2000,457.4219499220301,0.4525023332369599,0.4030406565033666,0.0005053955474091686
6,5000,986.3214937233004,1.226084221508637,0.3993626190619279,0.00029184109995769375
